gene_id	mutant_1	mutant_2	mutant_3	mutant_4	mutant_5	normal_1	normal_2	normal_3	normal_4	normal_5
GENE_0001	24	6	7	28	27	16	7	27	11	19
GENE_0002	615	442	679	545	429	500	284	612	435	409
GENE_0003	691	409	336	761	531	351	370	789	648	607
GENE_0004	49	46	75	77	46	79	73	93	77	76
GENE_0005	67	29	30	63	40	45	38	66	72	60
GENE_0006	43	23	30	33	34	33	20	27	32	25
GENE_0007	18	28	21	44	16	17	14	20	14	23
GENE_0008	230	135	160	312	193	253	77	247	186	142
GENE_0009	59	38	47	74	41	27	28	81	60	53
GENE_0010	32	28	32	45	55	22	12	46	22	39
GENE_0011	216	125	155	287	166	206	84	170	205	225
GENE_0012	360	154	188	258	124	213	93	173	151	187
GENE_0013	57	60	36	63	58	39	43	56	56	40
GENE_0014	65	24	47	72	44	47	19	55	36	45
GENE_0015	263	174	269	300	260	267	137	277	256	219
GENE_0016	138	109	111	160	150	199	167	192	185	296
GENE_0017	22	17	20	47	21	32	20	53	29	30
GENE_0018	25	14	31	17	20	22	9	32	22	25
GENE_0019	44	19	28	37	22	37	10	50	20	40
GENE_0020	33	12	20	60	20	23	23	27	33	35
GENE_0021	140	89	50	134	77	63	45	75	81	61
GENE_0022	78	73	47	122	55	277	247	315	331	300
GENE_0023	219	205	214	255	184	221	132	315	280	209
GENE_0024	372	165	221	311	214	255	97	233	225	230
GENE_0025	83	46	56	100	60	86	41	92	71	75
GENE_0026	47	24	44	46	52	46	40	53	66	37
GENE_0027	542	218	274	389	244	498	146	359	371	247
GENE_0028	609	471	426	474	317	741	217	683	442	619
GENE_0029	567	226	299	767	309	297	191	236	405	400
GENE_0030	339	179	361	544	326	180	179	340	275	425
GENE_0031	91	55	60	129	98	51	34	84	111	75
GENE_0032	242	122	99	214	214	162	100	322	345	273
GENE_0033	694	366	493	813	354	545	222	670	473	543
GENE_0034	36	12	22	46	25	22	16	36	29	38
GENE_0035	517	461	539	985	386	539	298	562	656	592
GENE_0036	58	21	42	75	31	66	48	54	45	44
GENE_0037	194	119	206	322	138	211	91	294	219	169
GENE_0038	45	25	26	28	20	41	24	21	31	35
GENE_0039	39	22	30	25	33	19	16	37	38	27
GENE_0040	319	226	216	629	330	445	200	264	358	297
GENE_0041	486	213	432	855	407	496	220	440	683	394
GENE_0042	54	21	35	34	20	32	16	29	35	19
GENE_0043	21	19	11	32	27	29	6	10	26	20
GENE_0044	285	272	233	369	290	374	127	406	196	293
GENE_0045	548	511	429	1014	451	417	409	669	511	651
GENE_0046	1481	905	836	1870	1083	385	141	246	201	160
GENE_0047	20	23	29	48	22	24	11	26	46	40
GENE_0048	24	14	20	30	29	11	14	21	42	21
GENE_0049	100	51	108	101	51	75	31	79	72	84
GENE_0050	144	113	71	118	57	108	70	142	147	135
GENE_0051	173	157	217	379	206	259	95	325	233	183
GENE_0052	71	18	50	89	53	36	18	46	79	31
GENE_0053	575	328	359	763	385	474	288	414	562	543
GENE_0054	353	277	378	493	200	288	173	541	386	295
GENE_0055	170	147	159	338	145	267	114	249	257	217
GENE_0056	352	234	322	408	274	297	189	306	277	265
GENE_0057	41	27	25	53	18	18	11	29	40	30
GENE_0058	249	152	217	210	110	213	148	247	199	296
GENE_0059	104	37	55	181	70	51	45	106	94	64
GENE_0060	357	167	151	277	227	127	72	265	310	205
GENE_0061	23	10	9	30	31	19	11	9	20	32
GENE_0062	44	38	36	66	51	32	33	71	51	60
GENE_0063	71	29	41	62	49	41	48	39	37	61
GENE_0064	24	14	10	29	19	19	10	19	25	26
GENE_0065	397	228	256	310	274	338	176	337	305	189
GENE_0066	50	31	77	85	57	49	24	73	54	41
GENE_0067	273	166	403	430	199	300	168	311	374	388
GENE_0068	688	258	275	715	452	646	338	752	531	474
GENE_0069	37	28	14	52	24	36	15	44	35	31
GENE_0070	45	17	17	29	42	36	11	39	46	43
GENE_0071	29	37	27	32	25	57	51	100	60	55
GENE_0072	633	440	380	1018	443	462	310	483	651	618
GENE_0073	22	18	16	29	17	20	13	14	22	26
GENE_0074	243	132	155	313	141	202	127	293	295	169
GENE_0075	326	180	215	445	270	357	235	428	371	299
GENE_0076	68	48	54	69	35	66	25	49	43	50
GENE_0077	115	101	111	167	119	90	69	176	90	140
GENE_0078	151	89	112	183	157	121	65	88	138	135
GENE_0079	372	230	191	447	184	346	168	331	379	275
GENE_0080	96	49	81	116	53	88	34	112	118	84
GENE_0081	169	102	219	325	142	295	96	285	266	124
GENE_0082	267	234	343	482	285	328	160	352	426	308
GENE_0083	30	25	30	34	29	49	17	44	32	36
GENE_0084	163	109	89	175	80	109	55	143	190	152
GENE_0085	27	13	22	38	26	55	14	30	40	33
GENE_0086	46	39	37	64	60	33	48	65	64	37
GENE_0087	188	120	108	195	159	106	48	84	165	101
GENE_0088	48	41	34	103	37	41	35	38	32	32
GENE_0089	28	12	14	22	20	11	6	11	25	22
GENE_0090	281	143	178	323	131	203	107	164	234	173
GENE_0091	670	391	449	760	403	559	202	369	423	659
GENE_0092	33	34	29	68	19	19	14	26	37	23
GENE_0093	157	86	95	137	110	108	71	144	122	117
GENE_0094	31	21	23	34	31	32	8	20	21	26
GENE_0095	29	23	34	41	36	27	18	48	16	29
GENE_0096	237	121	111	266	186	161	121	236	139	209
GENE_0097	16	6	13	15	12	23	11	19	24	7
GENE_0098	225	95	172	284	121	298	173	255	244	173
GENE_0099	103	37	88	88	56	77	60	60	91	84
GENE_0100	486	252	365	725	333	85	92	168	107	139
GENE_0101	54	39	49	90	48	62	37	44	40	45
GENE_0102	59	36	44	62	63	47	24	42	69	71
GENE_0103	22	16	18	21	17	16	5	33	27	26
GENE_0104	110	60	56	127	102	70	57	80	142	89
GENE_0105	22	21	12	33	17	14	8	27	22	21
GENE_0106	67	57	68	126	67	55	35	90	89	83
GENE_0107	580	349	369	526	385	495	178	457	603	560
GENE_0108	160	60	115	203	127	121	37	111	79	62
GENE_0109	186	251	252	298	261	325	191	291	239	410
GENE_0110	344	196	238	469	249	279	169	514	294	296
GENE_0111	63	54	50	79	37	62	22	79	33	55
GENE_0112	281	247	230	384	266	233	171	471	414	286
GENE_0113	55	20	37	79	46	59	26	60	77	74
GENE_0114	149	141	109	170	136	99	99	114	115	98
GENE_0115	408	229	301	478	197	244	178	379	293	317
GENE_0116	401	151	197	356	231	358	187	378	339	349
GENE_0117	57	32	50	76	39	77	37	110	98	81
GENE_0118	494	356	316	717	368	582	375	603	571	578
GENE_0119	42	21	23	48	21	29	11	46	25	38
GENE_0120	172	114	196	193	201	235	179	199	181	204
GENE_0121	81	61	45	84	47	65	58	110	125	96
GENE_0122	89	46	83	78	52	86	39	92	96	51
GENE_0123	446	328	430	761	576	536	281	699	575	547
GENE_0124	129	59	133	193	85	136	89	131	95	114
GENE_0125	429	363	434	662	376	595	233	756	530	498
GENE_0126	225	218	233	554	299	395	173	374	378	211
GENE_0127	31	19	31	11	19	51	37	111	77	107
GENE_0128	27	11	10	26	12	18	11	28	23	19
GENE_0129	32	23	33	30	36	22	11	33	25	24
GENE_0130	35	23	26	40	31	17	14	37	32	27
GENE_0131	468	306	292	526	277	254	201	242	352	330
GENE_0132	31	12	22	44	25	28	14	41	34	27
GENE_0133	77	53	59	98	85	83	41	141	113	89
GENE_0134	302	151	205	584	232	310	196	311	394	302
GENE_0135	202	197	267	333	153	220	78	233	261	212
GENE_0136	31	21	16	58	23	30	9	62	40	39
GENE_0137	241	131	183	269	205	153	135	208	163	242
GENE_0138	23	18	16	19	26	30	11	21	19	16
GENE_0139	180	116	119	252	209	137	118	178	170	230
GENE_0140	23	13	17	14	17	16	7	31	14	23
GENE_0141	28	15	29	50	36	30	14	43	22	22
GENE_0142	101	69	69	121	67	74	51	105	142	102
GENE_0143	223	144	199	200	164	243	138	241	278	256
GENE_0144	114	62	45	93	86	102	50	73	63	41
GENE_0145	102	80	56	94	76	107	54	93	92	73
GENE_0146	97	44	53	101	69	107	48	115	110	133
GENE_0147	178	115	195	349	212	165	131	205	365	214
GENE_0148	17	8	35	34	21	33	12	15	25	32
GENE_0149	79	20	29	64	42	40	17	65	57	57
GENE_0150	21	11	16	34	17	14	3	16	24	24
GENE_0151	357	157	285	434	208	415	140	238	292	275
GENE_0152	37	16	16	20	23	18	11	23	32	10
GENE_0153	41	33	41	50	45	65	34	55	68	68
GENE_0154	294	102	221	216	161	166	122	291	265	170
GENE_0155	91	49	72	124	67	70	73	92	78	121
GENE_0156	28	22	29	57	28	27	14	35	27	51
GENE_0157	41	24	27	23	33	30	12	31	47	17
GENE_0158	52	32	17	85	24	26	13	28	31	32
GENE_0159	69	40	60	67	48	127	43	123	127	113
GENE_0160	37	22	36	33	36	29	24	33	51	32
GENE_0161	25	19	30	42	31	35	19	29	35	24
GENE_0162	65	34	66	168	76	89	51	97	95	62
GENE_0163	466	309	420	1003	379	385	317	693	498	490
GENE_0164	499	346	370	573	556	560	350	539	403	354
GENE_0165	202	129	151	255	202	179	121	262	202	134
GENE_0166	587	317	378	554	469	674	273	519	501	506
GENE_0167	253	194	342	358	286	249	131	349	362	220
GENE_0168	349	145	235	438	219	272	251	315	313	189
GENE_0169	68	30	52	58	43	53	35	80	59	75
GENE_0170	32	31	29	90	46	51	24	73	62	49
GENE_0171	381	128	300	530	328	197	158	435	300	311
GENE_0172	262	131	217	260	145	120	113	271	191	154
GENE_0173	429	240	264	715	310	146	103	140	240	146
GENE_0174	90	41	53	127	92	62	53	74	94	80
GENE_0175	217	86	82	152	113	94	63	136	167	165
GENE_0176	228	139	217	244	207	55	41	77	75	68
GENE_0177	228	117	174	245	224	165	82	220	178	210
GENE_0178	50	11	28	81	62	64	37	49	43	63
GENE_0179	259	89	140	129	124	127	96	101	144	90
GENE_0180	276	194	254	477	407	192	164	440	359	255
GENE_0181	25	18	16	34	25	14	16	26	26	28
GENE_0182	178	126	154	156	94	74	57	124	86	110
GENE_0183	319	115	133	198	189	291	115	222	198	179
GENE_0184	301	203	256	376	231	238	168	462	274	266
GENE_0185	31	15	19	23	17	22	8	35	18	22
GENE_0186	47	20	20	31	34	24	25	24	31	21
GENE_0187	84	27	44	110	50	61	20	96	57	81
GENE_0188	541	398	391	922	449	506	341	513	489	599
GENE_0189	85	52	68	170	82	63	36	89	111	74
GENE_0190	73	71	64	99	81	78	41	85	91	100
GENE_0191	26	24	24	38	33	19	17	34	28	13
GENE_0192	50	32	44	64	39	64	51	65	45	52
GENE_0193	198	135	185	307	163	133	151	295	228	150
GENE_0194	121	79	206	140	127	70	73	99	131	138
GENE_0195	221	67	130	167	75	113	54	150	208	101
GENE_0196	248	295	229	477	351	220	119	324	427	274
GENE_0197	238	144	193	237	145	191	129	243	177	230
GENE_0198	95	68	60	120	113	79	63	110	101	73
GENE_0199	123	63	51	153	81	97	37	71	93	101
GENE_0200	20	16	19	52	13	10	14	20	48	20
GENE_0201	28	17	19	18	15	17	7	19	26	17
GENE_0202	192	54	87	206	126	145	91	134	152	142
GENE_0203	30	13	28	50	33	37	12	39	32	23
GENE_0204	47	24	16	48	36	30	27	30	28	37
GENE_0205	35	21	31	32	19	31	27	30	19	45
GENE_0206	544	244	380	565	389	192	179	293	229	212
GENE_0207	29	16	25	63	27	40	17	42	42	30
GENE_0208	437	373	486	585	438	586	286	628	363	452
GENE_0209	407	197	303	429	193	347	165	393	362	215
GENE_0210	8	29	19	23	28	20	26	29	20	18
GENE_0211	91	46	74	103	57	72	47	113	83	50
GENE_0212	24	26	12	25	17	18	9	13	21	34
GENE_0213	215	160	162	266	179	141	75	273	212	232
GENE_0214	41	12	25	49	22	27	13	48	33	48
GENE_0215	25	16	19	64	20	31	15	37	21	35
GENE_0216	246	139	151	386	112	129	97	150	174	114
GENE_0217	258	205	182	333	277	255	192	331	306	496
GENE_0218	207	125	148	251	212	187	125	261	233	244
GENE_0219	253	232	301	555	276	465	144	335	422	252
GENE_0220	29	14	29	37	20	20	17	19	29	27
GENE_0221	145	89	128	204	115	112	78	217	127	149
GENE_0222	90	63	85	110	58	83	28	88	126	91
GENE_0223	38	22	22	56	25	25	15	56	50	38
GENE_0224	300	231	211	400	218	253	209	407	384	313
GENE_0225	169	95	74	175	116	137	67	123	245	176
GENE_0226	89	40	46	109	43	97	52	99	123	146
GENE_0227	30	8	12	20	18	22	23	47	51	62
GENE_0228	35	16	21	74	16	36	17	19	25	22
GENE_0229	42	21	24	40	19	21	13	31	30	31
GENE_0230	1004	385	649	1118	727	412	290	489	379	434
GENE_0231	100	41	67	134	48	306	179	337	219	224
GENE_0232	121	55	63	102	58	73	47	115	86	78
GENE_0233	16	7	11	30	10	16	13	30	18	27
GENE_0234	124	82	101	115	97	127	66	162	126	133
GENE_0235	374	202	208	439	297	420	204	347	271	287
GENE_0236	321	253	157	553	256	260	189	398	510	383
GENE_0237	444	288	325	418	298	208	192	394	334	310
GENE_0238	15	12	22	30	15	25	9	14	26	27
GENE_0239	358	223	196	357	210	134	75	188	196	167
GENE_0240	659	405	392	902	388	475	234	500	657	683
GENE_0241	634	368	373	633	424	532	349	493	288	404
GENE_0242	19	16	22	38	18	27	7	23	27	38
GENE_0243	105	74	63	120	63	75	58	131	95	103
GENE_0244	81	54	59	125	77	59	41	106	101	112
GENE_0245	126	30	49	127	74	54	51	80	112	83
GENE_0246	36	17	26	33	29	26	17	29	31	34
GENE_0247	332	170	239	520	384	368	150	319	285	232
GENE_0248	71	39	67	163	66	91	54	61	112	96
GENE_0249	85	24	29	90	40	53	30	76	76	76
GENE_0250	149	77	102	147	103	108	54	130	108	92
GENE_0251	43	16	21	27	13	14	13	19	27	21
GENE_0252	65	52	78	119	56	90	22	124	81	75
GENE_0253	199	118	121	290	222	229	104	313	268	297
GENE_0254	110	115	90	168	116	101	57	142	117	66
GENE_0255	316	247	214	302	205	301	118	458	233	420
GENE_0256	394	204	227	471	274	262	192	434	321	380
GENE_0257	17	12	14	22	10	15	10	30	13	20
GENE_0258	98	32	60	86	117	112	36	103	108	104
GENE_0259	397	485	367	859	454	539	240	518	608	497
GENE_0260	489	189	243	582	207	299	201	438	344	284
GENE_0261	947	353	287	538	399	510	311	540	577	417
GENE_0262	150	85	89	166	114	113	59	132	138	130
GENE_0263	547	468	563	669	298	437	164	497	603	564
GENE_0264	46	22	58	79	53	38	31	71	62	70
GENE_0265	62	32	40	104	51	50	38	95	64	47
GENE_0266	41	19	18	49	26	24	28	35	51	24
GENE_0267	716	330	334	657	497	501	441	616	387	316
GENE_0268	75	49	32	69	41	32	18	53	43	32
GENE_0269	575	337	440	768	360	457	230	539	772	470
GENE_0270	519	279	260	887	345	581	244	702	453	391
GENE_0271	17	26	43	39	25	88	62	85	110	97
GENE_0272	47	16	24	20	34	33	14	36	31	28
GENE_0273	132	123	94	154	119	115	53	93	126	122
GENE_0274	28	14	21	42	27	45	32	56	56	45
GENE_0275	21	12	8	23	17	17	10	24	16	20
GENE_0276	26	14	18	21	18	29	8	16	20	14
GENE_0277	23	12	10	29	23	20	10	21	21	14
GENE_0278	38	26	40	51	60	50	29	83	51	43
GENE_0279	36	26	22	48	30	19	22	28	27	15
GENE_0280	44	33	45	35	29	33	27	42	23	33
GENE_0281	17	8	12	22	9	21	13	36	26	21
GENE_0282	262	166	291	564	309	265	234	263	447	278
GENE_0283	57	71	61	83	95	77	19	108	75	92
GENE_0284	83	28	56	68	34	46	22	70	64	47
GENE_0285	80	32	43	42	43	57	45	105	78	73
GENE_0286	14	20	14	37	27	23	15	34	21	30
GENE_0287	44	14	34	52	17	29	8	41	27	39
GENE_0288	181	93	139	226	148	31	31	83	77	54
GENE_0289	96	80	98	174	96	107	95	101	137	80
GENE_0290	414	396	407	666	400	528	260	764	617	432
GENE_0291	211	176	182	309	219	142	142	235	214	209
GENE_0292	20	20	34	40	20	21	17	30	29	13
GENE_0293	125	73	114	195	94	166	86	117	148	121
GENE_0294	17	18	21	25	15	18	13	17	19	22
GENE_0295	67	23	34	72	32	45	16	69	71	58
GENE_0296	18	17	28	26	29	27	13	14	25	18
GENE_0297	124	76	68	79	105	81	49	118	68	72
GENE_0298	24	19	17	39	21	17	5	20	23	15
GENE_0299	82	33	69	40	38	55	38	63	45	61
GENE_0300	506	479	310	576	533	468	302	458	467	576
GENE_0301	18	16	8	22	7	28	8	14	19	14
GENE_0302	29	15	16	19	17	14	15	20	26	11
GENE_0303	231	143	124	254	207	189	145	249	265	219
GENE_0304	190	183	183	231	191	145	105	399	174	182
GENE_0305	47	23	23	46	36	40	23	39	41	36
GENE_0306	56	39	46	58	23	53	18	72	76	66
GENE_0307	31	20	25	49	26	29	22	33	27	22
GENE_0308	102	36	62	139	65	57	53	114	99	75
GENE_0309	349	197	425	566	364	205	207	405	294	379
GENE_0310	160	100	117	243	129	111	63	129	141	85
GENE_0311	124	96	94	136	104	144	73	212	276	150
GENE_0312	25	40	19	42	26	39	8	30	48	45
GENE_0313	27	15	15	46	14	22	11	16	15	19
GENE_0314	106	52	61	132	100	113	44	92	111	60
GENE_0315	42	15	29	37	24	20	14	35	45	33
GENE_0316	271	96	156	281	138	199	144	184	184	175
GENE_0317	539	410	498	682	354	339	268	859	664	592
GENE_0318	38	15	26	27	19	18	14	31	19	11
GENE_0319	60	37	52	62	40	57	27	71	60	60
GENE_0320	108	54	54	139	95	52	50	123	77	102
GENE_0321	54	42	44	100	46	51	21	106	51	45
GENE_0322	86	45	55	117	71	73	56	112	126	61
GENE_0323	54	43	49	52	68	62	22	64	60	49
GENE_0324	174	73	81	212	127	68	32	115	40	76
GENE_0325	13	17	14	23	10	77	50	98	81	66
GENE_0326	35	25	40	50	37	34	16	34	20	37
GENE_0327	28	17	22	52	17	33	14	37	29	29
GENE_0328	175	184	158	230	155	193	87	185	219	196
GENE_0329	72	53	62	109	90	63	57	73	118	62
GENE_0330	189	201	157	252	215	83	61	93	103	64
GENE_0331	367	157	253	229	246	326	165	403	353	256
GENE_0332	31	25	23	31	19	52	21	29	38	39
GENE_0333	95	76	69	114	100	78	52	137	135	68
GENE_0334	199	163	143	218	216	176	83	344	180	185
GENE_0335	26	10	22	33	16	12	8	25	28	19
GENE_0336	161	75	139	199	97	93	95	154	134	97
GENE_0337	114	83	105	203	139	78	61	134	130	143
GENE_0338	161	140	189	361	143	145	132	204	235	173
GENE_0339	284	383	251	412	259	285	131	316	474	325
GENE_0340	65	31	73	95	70	42	29	30	80	57
GENE_0341	23	20	13	21	28	13	13	21	21	21
GENE_0342	71	56	57	116	52	64	74	98	85	41
GENE_0343	84	58	68	123	65	72	42	66	95	100
GENE_0344	76	32	69	95	59	47	27	51	63	62
GENE_0345	171	117	166	243	130	145	100	243	198	221
GENE_0346	148	81	112	208	107	114	48	101	170	95
GENE_0347	27	16	23	41	21	12	14	30	17	36
GENE_0348	14	29	10	24	11	24	9	16	18	20
GENE_0349	23	21	6	33	21	13	8	16	26	16
GENE_0350	536	360	444	884	373	424	355	632	755	508
GENE_0351	78	79	114	222	151	118	69	187	161	110
GENE_0352	656	463	459	807	396	583	400	488	576	646
GENE_0353	32	16	13	31	13	17	7	32	27	19
GENE_0354	232	117	174	209	89	45	35	62	73	43
GENE_0355	51	30	45	59	37	33	35	50	72	26
GENE_0356	281	228	274	332	256	313	154	322	285	314
GENE_0357	41	52	27	56	42	41	39	44	43	52
GENE_0358	288	175	215	482	267	297	197	415	453	278
GENE_0359	356	196	314	515	198	242	194	377	394	264
GENE_0360	861	398	466	928	546	372	252	502	663	532
GENE_0361	206	177	120	391	203	283	139	268	193	166
GENE_0362	97	108	70	124	123	72	68	110	137	153
GENE_0363	206	124	150	193	132	79	52	97	97	143
GENE_0364	333	214	220	422	330	486	220	328	270	337
GENE_0365	89	64	60	129	90	63	52	90	60	95
GENE_0366	64	13	19	43	35	80	43	68	53	56
GENE_0367	34	25	32	47	38	35	19	46	31	37
GENE_0368	457	254	417	729	447	275	180	337	266	251
GENE_0369	100	45	75	91	61	44	41	76	57	53
GENE_0370	251	159	151	279	142	184	105	159	204	171
GENE_0371	36	19	27	47	9	22	13	25	32	21
GENE_0372	143	83	63	195	102	147	79	128	104	134
GENE_0373	101	75	59	90	50	52	36	65	72	94
GENE_0374	399	146	302	597	325	222	148	359	283	226
GENE_0375	827	526	376	883	636	626	276	423	536	423
GENE_0376	243	174	315	453	337	286	202	428	329	256
GENE_0377	75	32	50	93	34	54	26	55	66	52
GENE_0378	406	158	244	405	341	232	158	353	199	309
GENE_0379	16	8	11	18	18	13	21	18	13	15
GENE_0380	349	220	130	321	219	315	247	577	502	582
GENE_0381	236	140	186	292	148	300	116	270	359	118
GENE_0382	197	192	182	346	153	178	150	399	245	164
GENE_0383	470	234	251	350	264	297	157	364	304	240
GENE_0384	20	9	13	36	13	15	13	26	13	17
GENE_0385	20	16	21	41	6	15	21	21	22	16
GENE_0386	45	17	28	43	26	28	19	33	45	37
GENE_0387	27	9	18	28	14	8	5	16	22	15
GENE_0388	45	41	24	51	36	84	37	75	65	46
GENE_0389	112	80	63	116	63	57	47	68	67	97
GENE_0390	31	27	15	41	32	39	14	36	27	48
GENE_0391	420	396	387	587	528	405	255	623	379	686
GENE_0392	181	146	228	302	182	273	104	157	267	173
GENE_0393	33	18	25	56	33	29	20	23	22	38
GENE_0394	21	17	19	25	18	16	17	27	19	14
GENE_0395	844	262	411	680	467	397	206	584	441	380
GENE_0396	77	34	46	57	55	75	24	53	49	62
GENE_0397	113	67	68	96	53	95	42	77	90	68
GENE_0398	30	21	27	38	33	30	11	32	46	41
GENE_0399	101	65	61	116	74	80	66	104	130	90
GENE_0400	191	89	170	247	180	30	20	67	47	49
GENE_0401	26	18	18	48	24	20	14	54	30	19
GENE_0402	382	246	244	429	242	298	202	365	304	278
GENE_0403	777	328	362	548	628	462	259	785	447	537
GENE_0404	56	27	63	78	58	49	47	43	48	46
GENE_0405	142	78	85	174	92	136	68	200	134	122
GENE_0406	511	360	530	773	448	653	234	644	608	645
GENE_0407	101	63	63	108	96	122	42	92	113	61
GENE_0408	53	32	52	67	42	32	29	49	71	45
GENE_0409	178	58	93	137	106	92	59	116	102	111
GENE_0410	632	353	480	833	339	436	357	547	529	477
GENE_0411	567	282	371	691	377	425	250	442	524	394
GENE_0412	372	224	285	741	283	290	152	435	259	362
GENE_0413	334	278	224	434	349	264	211	193	344	241
GENE_0414	177	89	65	225	84	129	54	161	128	160
GENE_0415	451	358	398	684	523	381	186	452	706	381
GENE_0416	131	62	103	138	105	79	68	144	89	189
GENE_0417	330	147	173	298	234	136	121	197	212	215
GENE_0418	1328	607	655	1193	478	288	138	238	321	278
GENE_0419	517	348	391	710	634	609	219	456	582	485
GENE_0420	17	9	14	32	13	32	11	13	38	42
GENE_0421	296	190	315	398	298	384	149	308	350	266
GENE_0422	47	32	21	46	20	27	16	43	28	18
GENE_0423	814	235	487	721	269	462	326	413	550	514
GENE_0424	361	213	194	501	236	350	148	389	271	251
GENE_0425	67	37	55	105	52	48	40	35	30	37
GENE_0426	19	22	10	15	19	30	21	46	65	41
GENE_0427	120	55	57	91	78	100	57	82	69	32
GENE_0428	482	264	389	879	309	627	251	513	323	636
GENE_0429	170	93	114	166	140	133	74	142	171	129
GENE_0430	119	77	122	121	112	106	57	207	160	107
GENE_0431	29	11	8	24	18	40	29	53	57	57
GENE_0432	160	94	108	176	100	127	53	145	157	105
GENE_0433	23	11	28	36	25	22	20	32	39	44
GENE_0434	36	22	16	43	27	42	17	19	42	33
GENE_0435	113	63	113	107	63	156	99	184	125	111
GENE_0436	760	396	301	662	407	463	242	514	730	536
GENE_0437	282	187	275	463	375	174	196	471	441	290
GENE_0438	494	486	263	676	550	455	409	525	876	458
GENE_0439	85	61	48	132	94	71	42	68	116	79
GENE_0440	35	17	21	35	37	49	22	34	21	31
GENE_0441	45	15	34	44	27	24	9	36	25	45
GENE_0442	115	57	123	143	107	125	80	101	206	103
GENE_0443	46	16	27	55	30	30	11	27	22	30
GENE_0444	67	37	47	71	30	113	36	152	124	109
GENE_0445	105	60	86	112	79	102	54	93	96	85
GENE_0446	46	20	23	40	21	23	18	26	27	26
GENE_0447	30	17	29	43	32	13	18	29	14	29
GENE_0448	19	11	14	31	18	16	12	22	29	12
GENE_0449	355	341	379	830	287	403	271	534	524	577
GENE_0450	71	43	12	57	33	50	23	37	36	40
GENE_0451	507	266	458	452	420	555	276	696	469	578
GENE_0452	58	72	31	110	34	93	56	116	99	101
GENE_0453	72	75	64	141	101	56	39	74	73	62
GENE_0454	66	68	47	146	90	75	56	73	104	61
GENE_0455	200	112	179	318	179	215	103	262	143	212
GENE_0456	165	76	122	169	128	121	64	109	154	128
GENE_0457	293	199	250	483	319	173	258	460	316	289
GENE_0458	92	35	40	135	95	58	31	86	84	51
GENE_0459	15	18	15	26	21	28	12	31	14	15
GENE_0460	268	232	248	522	316	279	160	317	335	255
GENE_0461	395	198	220	383	262	365	207	326	268	269
GENE_0462	202	93	83	189	117	155	64	104	162	108
GENE_0463	24	10	17	37	30	16	14	22	15	10
GENE_0464	52	37	47	66	49	48	31	55	64	37
GENE_0465	50	28	16	49	33	37	17	45	21	34
GENE_0466	107	47	74	93	84	81	49	105	91	97
GENE_0467	80	59	77	111	88	57	57	109	74	87
GENE_0468	180	184	146	238	240	207	93	184	255	186
GENE_0469	363	190	309	517	266	374	187	315	299	458
GENE_0470	100	43	89	95	75	108	51	63	110	97
GENE_0471	245	172	160	254	174	193	127	253	229	310
GENE_0472	30	19	29	37	22	22	14	50	31	28
GENE_0473	148	61	164	188	136	124	62	108	133	133
GENE_0474	20	13	24	27	33	25	23	36	46	55
GENE_0475	24	20	35	61	28	21	21	39	31	26
GENE_0476	131	69	100	149	106	99	54	120	138	181
GENE_0477	332	269	239	528	305	286	183	260	250	300
GENE_0478	35	17	27	38	29	19	23	18	31	34
GENE_0479	239	122	221	480	177	169	69	290	172	138
GENE_0480	405	199	247	407	295	190	178	225	319	248
GENE_0481	410	234	321	566	167	358	182	271	466	337
GENE_0482	1170	706	639	1148	879	423	361	330	419	452
GENE_0483	28	12	21	28	15	11	19	18	15	20
GENE_0484	187	160	224	410	164	183	119	373	210	173
GENE_0485	93	100	178	126	159	101	64	100	123	122
GENE_0486	67	63	51	138	71	76	47	157	81	86
GENE_0487	50	25	41	54	27	103	55	124	81	144
GENE_0488	39	17	22	54	24	39	13	39	22	34
GENE_0489	327	127	283	421	304	270	212	343	426	361
GENE_0490	81	35	62	139	84	83	43	46	65	109
GENE_0491	204	197	208	381	109	228	121	137	264	199
GENE_0492	607	285	389	825	571	123	50	143	135	200
GENE_0493	192	93	161	151	116	80	62	159	162	93
GENE_0494	222	197	220	222	200	131	104	254	182	253
GENE_0495	51	34	35	62	53	62	33	69	56	57
GENE_0496	40	19	21	24	40	24	12	29	15	45
GENE_0497	346	197	252	413	290	255	211	336	354	289
GENE_0498	42	14	25	53	38	40	16	44	29	29
GENE_0499	51	24	45	44	54	45	29	42	96	34
GENE_0500	85	58	69	137	70	93	43	87	69	81
GENE_0501	51	25	19	34	36	35	15	38	22	39
GENE_0502	743	421	376	703	626	605	258	442	628	323
GENE_0503	127	43	83	106	77	144	107	106	162	189
GENE_0504	263	237	286	452	263	141	179	290	205	299
GENE_0505	180	123	96	161	126	243	112	215	216	205
GENE_0506	72	24	60	62	38	60	33	45	57	83
GENE_0507	171	87	108	172	119	107	68	104	103	133
GENE_0508	114	50	64	141	64	79	39	86	104	42
GENE_0509	261	200	183	300	232	95	57	96	98	101
GENE_0510	142	57	117	157	84	98	91	94	123	112
GENE_0511	102	51	66	109	68	77	51	87	95	78
GENE_0512	40	15	10	26	19	20	14	16	30	8
GENE_0513	116	120	99	203	159	140	126	306	440	175
GENE_0514	164	73	70	227	57	107	69	214	95	146
GENE_0515	83	43	45	69	25	62	31	38	51	55
GENE_0516	66	27	57	68	42	61	18	51	51	51
GENE_0517	48	29	40	62	23	61	36	53	63	27
GENE_0518	288	122	159	257	105	174	129	272	238	145
GENE_0519	387	151	224	471	284	352	215	257	238	271
GENE_0520	240	170	269	375	208	270	160	307	312	376
GENE_0521	90	54	71	130	95	61	52	101	87	75
GENE_0522	170	73	135	122	80	97	74	138	130	137
GENE_0523	56	30	56	51	38	45	29	70	38	55
GENE_0524	20	10	19	30	11	17	13	15	14	21
GENE_0525	225	191	165	239	164	205	141	220	136	269
GENE_0526	315	221	262	197	188	197	135	319	274	263
GENE_0527	21	9	14	28	26	15	6	22	17	26
GENE_0528	139	59	66	93	63	55	48	108	96	75
GENE_0529	23	16	18	24	30	14	5	15	20	23
GENE_0530	44	47	58	84	35	45	24	55	45	79
GENE_0531	180	127	164	294	177	160	106	196	219	226
GENE_0532	379	200	248	363	283	256	160	460	369	186
GENE_0533	536	307	493	726	453	466	348	529	561	605
GENE_0534	15	22	9	25	12	12	12	19	16	11
GENE_0535	62	30	52	81	68	41	14	75	67	35
GENE_0536	255	157	299	227	149	162	107	242	161	229
GENE_0537	52	30	34	59	38	51	19	44	50	51
GENE_0538	515	210	185	349	213	277	186	388	386	221
GENE_0539	326	217	335	458	212	284	164	171	270	341
GENE_0540	35	27	20	73	21	29	13	25	43	32
GENE_0541	83	53	66	89	43	29	25	30	28	22
GENE_0542	63	41	44	71	51	72	28	34	52	61
GENE_0543	39	25	19	34	24	26	18	23	39	29
GENE_0544	34	29	24	44	20	34	14	29	43	22
GENE_0545	670	479	328	696	433	516	373	562	824	582
GENE_0546	349	193	274	283	262	249	264	520	364	275
GENE_0547	133	74	74	173	92	121	63	159	151	102
GENE_0548	237	176	176	232	218	146	158	216	188	233
GENE_0549	260	206	378	593	219	238	133	427	407	278
GENE_0550	54	44	52	119	38	39	27	60	31	48
GENE_0551	108	50	69	92	126	81	54	99	91	72
GENE_0552	18	13	16	17	16	20	7	19	23	17
GENE_0553	74	57	56	86	69	92	51	90	95	77
GENE_0554	31	34	35	41	19	39	21	42	42	28
GENE_0555	87	42	84	126	52	75	56	87	68	96
GENE_0556	23	11	24	33	12	13	4	28	17	8
GENE_0557	269	138	143	271	201	189	98	243	148	193
GENE_0558	81	84	91	116	42	90	44	84	116	75
GENE_0559	250	169	151	404	295	185	169	259	219	178
GENE_0560	292	203	299	452	261	238	159	458	389	240
GENE_0561	50	50	45	94	47	37	21	44	33	50
GENE_0562	79	50	68	100	55	89	50	78	121	64
GENE_0563	266	105	139	259	209	182	148	318	211	250
GENE_0564	383	243	176	586	380	281	283	284	356	205
GENE_0565	45	13	16	30	21	13	3	23	26	31
GENE_0566	445	190	242	277	458	423	178	274	365	175
GENE_0567	33	19	21	45	31	69	80	94	107	73
GENE_0568	134	43	84	119	62	80	59	98	88	58
GENE_0569	143	60	57	106	89	80	40	63	89	77
GENE_0570	25	14	24	74	26	25	18	36	36	22
GENE_0571	236	185	166	188	175	200	97	263	211	189
GENE_0572	153	64	88	167	89	57	37	72	47	63
GENE_0573	33	29	28	50	39	34	18	35	42	28
GENE_0574	96	76	78	100	102	130	66	206	121	87
GENE_0575	149	103	93	150	72	103	51	138	183	103
GENE_0576	553	292	470	1010	490	405	306	837	586	495
GENE_0577	52	33	39	97	27	38	23	60	41	39
GENE_0578	43	19	45	50	31	98	75	168	93	137
GENE_0579	56	36	41	95	52	53	18	46	55	48
GENE_0580	368	253	268	474	284	236	213	317	347	271
GENE_0581	608	441	455	780	441	512	255	597	832	506
GENE_0582	74	27	60	94	42	46	26	60	38	64
GENE_0583	98	74	132	143	96	121	115	173	147	165
GENE_0584	289	133	203	300	172	223	81	252	256	218
GENE_0585	89	57	77	158	65	53	42	90	108	64
GENE_0586	135	100	118	148	72	71	34	88	93	92
GENE_0587	935	299	418	872	632	466	269	434	623	372
GENE_0588	266	217	127	232	146	159	132	268	196	247
GENE_0589	11	6	17	35	14	20	6	26	18	21
GENE_0590	343	268	385	552	242	326	131	491	635	296
GENE_0591	113	68	114	113	93	92	75	202	120	136
GENE_0592	222	108	174	328	226	298	89	269	230	219
GENE_0593	365	218	232	343	230	385	149	338	319	332
GENE_0594	567	300	514	987	589	415	247	569	415	551
GENE_0595	226	145	191	310	234	162	226	171	174	164
GENE_0596	19	20	30	34	26	39	15	30	34	51
GENE_0597	186	154	167	326	243	268	135	208	207	199
GENE_0598	417	202	219	361	313	292	235	339	319	307
GENE_0599	117	123	81	197	102	137	85	118	130	120
GENE_0600	14	28	11	18	16	52	22	65	49	27
GENE_0601	458	186	356	678	357	345	129	371	403	348
GENE_0602	298	114	165	272	157	430	358	524	488	403
GENE_0603	160	74	78	168	121	102	74	104	160	111
GENE_0604	147	87	130	215	116	100	99	193	166	98
GENE_0605	54	17	24	30	17	18	13	22	37	36
GENE_0606	10	12	24	28	11	15	18	27	28	19
GENE_0607	81	77	61	101	58	71	62	99	98	75
GENE_0608	24	17	13	22	28	22	16	21	29	19
GENE_0609	32	21	33	51	25	22	20	41	36	21
GENE_0610	236	103	218	314	243	141	110	261	242	224
GENE_0611	15	14	17	40	19	14	17	32	19	27
GENE_0612	239	88	88	205	138	115	72	177	97	131
GENE_0613	566	317	346	531	622	205	151	354	247	295
GENE_0614	29	29	27	51	17	20	22	31	28	27
GENE_0615	580	277	557	679	456	709	392	507	623	526
GENE_0616	26	20	29	57	48	20	16	28	35	27
GENE_0617	59	27	42	93	42	45	27	72	83	54
GENE_0618	83	77	46	88	81	88	52	120	70	76
GENE_0619	589	351	348	762	440	546	345	610	813	496
GENE_0620	157	58	103	148	87	153	81	171	124	136
GENE_0621	89	89	50	165	77	47	37	94	104	67
GENE_0622	262	132	189	386	301	157	83	103	163	145
GENE_0623	101	48	91	174	92	77	53	120	79	108
GENE_0624	91	45	65	108	95	68	38	133	35	103
GENE_0625	140	71	105	190	115	81	85	154	85	85
GENE_0626	661	254	300	835	650	442	261	388	377	619
GENE_0627	387	367	337	578	370	340	279	455	671	501
GENE_0628	35	16	16	18	14	20	8	21	34	40
GENE_0629	24	18	23	26	25	34	20	51	23	35
GENE_0630	334	256	268	455	276	279	122	384	439	356
GENE_0631	44	33	34	130	35	49	31	77	60	61
GENE_0632	34	28	23	30	19	25	20	31	30	28
GENE_0633	23	16	14	30	9	14	15	24	26	26
GENE_0634	22	27	34	40	27	27	16	43	30	35
GENE_0635	24	18	19	30	41	34	17	35	31	32
GENE_0636	55	44	51	85	76	38	22	37	44	28
GENE_0637	505	144	229	338	339	241	198	415	304	367
GENE_0638	434	283	506	535	414	362	256	528	491	528
GENE_0639	354	219	279	435	261	246	123	311	541	361
GENE_0640	322	131	221	233	162	133	127	194	184	155
GENE_0641	8	15	16	29	7	19	9	30	27	23
GENE_0642	78	64	70	73	115	83	43	81	109	98
GENE_0643	397	331	294	370	227	382	195	270	307	236
GENE_0644	38	16	26	45	19	42	12	25	26	33
GENE_0645	96	66	64	155	67	56	34	78	83	87
GENE_0646	50	51	43	42	57	46	36	43	60	39
GENE_0647	155	61	60	150	110	67	86	131	139	84
GENE_0648	272	326	302	369	305	321	135	319	366	395
GENE_0649	399	157	306	454	281	368	185	358	459	224
GENE_0650	599	371	509	808	311	363	342	521	551	569
GENE_0651	74	47	46	79	56	43	33	27	54	54
GENE_0652	28	23	26	20	11	25	12	19	33	26
GENE_0653	29	10	25	36	14	17	20	17	32	13
GENE_0654	23	8	8	40	22	23	10	14	30	15
GENE_0655	69	40	84	61	80	104	65	123	91	86
GENE_0656	59	50	52	78	53	53	23	155	113	71
GENE_0657	106	61	106	173	106	93	57	152	127	179
GENE_0658	641	354	383	604	491	518	263	476	471	522
GENE_0659	89	76	62	93	54	87	32	66	66	72
GENE_0660	87	70	55	95	107	104	46	105	119	70
GENE_0661	189	161	152	199	160	173	100	259	140	217
GENE_0662	380	240	266	420	207	349	174	365	309	237
GENE_0663	50	53	55	106	42	37	22	43	64	42
GENE_0664	105	89	74	124	64	54	47	79	74	59
GENE_0665	32	27	34	31	22	24	16	43	48	37
GENE_0666	33	18	13	17	16	16	19	27	11	14
GENE_0667	331	230	315	525	265	149	190	296	257	212
GENE_0668	1046	660	823	1309	1200	394	250	471	289	665
GENE_0669	21	15	18	47	18	26	7	22	24	10
GENE_0670	38	34	25	24	19	38	12	30	47	19
GENE_0671	24	23	16	67	29	32	18	29	36	33
GENE_0672	274	197	222	394	243	243	203	328	259	343
GENE_0673	430	116	199	438	236	298	187	273	390	279
GENE_0674	192	113	186	245	169	232	126	197	206	219
GENE_0675	121	67	119	179	118	132	78	122	136	110
GENE_0676	32	17	22	22	17	17	20	27	29	29
GENE_0677	504	237	316	873	463	451	324	525	497	431
GENE_0678	163	144	226	254	104	245	129	347	287	313
GENE_0679	17	19	20	30	15	19	7	29	20	22
GENE_0680	132	114	114	227	72	144	62	129	161	101
GENE_0681	89	47	72	100	52	106	52	77	86	100
GENE_0682	42	31	31	56	41	20	25	36	26	32
GENE_0683	396	158	171	280	191	215	139	297	261	174
GENE_0684	25	19	18	25	23	16	11	19	27	24
GENE_0685	81	10	52	31	32	79	88	126	153	107
GENE_0686	193	126	186	244	156	372	241	315	529	404
GENE_0687	30	18	19	38	36	21	8	41	29	21
GENE_0688	82	36	43	85	73	37	23	31	59	40
GENE_0689	240	187	108	198	167	186	86	185	237	241
GENE_0690	51	35	31	88	71	57	43	65	45	40
GENE_0691	138	113	188	346	213	229	96	268	185	191
GENE_0692	54	41	43	64	54	35	25	59	58	36
GENE_0693	351	223	295	505	241	358	166	285	317	303
GENE_0694	296	96	181	225	162	184	97	187	231	183
GENE_0695	419	162	191	435	244	295	119	321	303	298
GENE_0696	101	84	54	122	84	103	37	111	73	116
GENE_0697	47	26	49	136	46	43	28	43	58	55
GENE_0698	69	54	63	153	56	49	58	79	84	88
GENE_0699	124	78	93	97	74	393	137	353	272	303
GENE_0700	292	152	243	502	233	327	181	428	243	322
GENE_0701	392	177	207	526	225	348	181	323	497	305
GENE_0702	262	176	221	323	164	235	101	220	142	188
GENE_0703	69	28	25	63	32	43	10	57	59	64
GENE_0704	24	15	25	66	18	32	15	43	47	27
GENE_0705	150	71	91	140	99	74	57	141	113	110
GENE_0706	183	68	79	163	80	114	65	115	108	164
GENE_0707	382	183	271	555	306	214	187	363	427	383
GENE_0708	515	285	474	903	476	483	287	350	541	776
GENE_0709	165	165	201	298	116	236	122	201	237	137
GENE_0710	111	49	91	157	91	194	86	153	142	145
GENE_0711	51	19	20	48	28	25	24	27	29	39
GENE_0712	402	213	281	381	242	450	144	257	278	245
GENE_0713	224	119	162	280	166	207	82	215	145	226
GENE_0714	820	506	454	517	600	453	265	702	570	640
GENE_0715	39	24	37	58	23	28	11	47	30	16
GENE_0716	103	52	73	177	56	82	51	93	106	66
GENE_0717	145	70	142	140	103	105	66	168	101	136
GENE_0718	73	23	51	63	52	44	38	50	77	73
GENE_0719	87	35	51	81	38	46	49	69	56	49
GENE_0720	41	22	18	44	30	32	18	28	29	30
GENE_0721	490	352	349	1028	451	495	304	490	490	482
GENE_0722	74	38	40	53	55	51	24	60	77	33
GENE_0723	247	165	265	372	174	184	97	238	210	129
GENE_0724	20	17	14	56	36	22	15	44	30	25
GENE_0725	431	277	302	545	232	374	97	288	359	314
GENE_0726	35	32	36	84	47	83	31	47	46	47
GENE_0727	743	384	518	704	246	493	377	504	663	419
GENE_0728	141	104	142	144	64	109	76	138	191	88
GENE_0729	74	40	115	111	48	86	53	97	94	105
GENE_0730	278	233	267	395	295	271	216	373	280	442
GENE_0731	77	43	46	110	103	61	52	79	47	89
GENE_0732	108	50	66	132	63	57	61	110	98	71
GENE_0733	420	286	386	588	267	329	180	381	434	224
GENE_0734	891	351	437	838	493	399	268	586	600	669
GENE_0735	28	19	23	29	24	25	28	24	33	27
GENE_0736	53	20	24	39	27	31	14	45	31	35
GENE_0737	254	177	174	302	196	211	135	287	144	201
GENE_0738	47	34	34	69	49	50	26	40	51	72
GENE_0739	145	103	129	235	104	132	86	148	84	160
GENE_0740	104	64	63	75	89	90	29	124	51	78
GENE_0741	57	24	34	86	45	46	21	52	60	52
GENE_0742	40	23	27	40	34	35	19	32	34	52
GENE_0743	702	299	436	822	401	481	386	657	340	477
GENE_0744	30	10	13	17	20	17	13	23	18	21
GENE_0745	92	43	51	114	49	79	43	94	91	70
GENE_0746	621	403	711	1035	589	265	239	603	411	477
GENE_0747	68	41	29	98	40	38	13	73	54	60
GENE_0748	325	196	354	581	195	282	206	311	452	251
GENE_0749	56	44	26	84	40	35	24	92	56	56
GENE_0750	214	131	152	399	167	141	99	206	241	187
GENE_0751	25	25	26	62	26	43	13	34	28	29
GENE_0752	137	95	108	189	92	109	52	115	126	131
GENE_0753	136	74	94	203	123	102	81	101	118	151
GENE_0754	381	139	224	442	230	278	238	333	334	393
GENE_0755	118	68	88	112	131	155	51	133	149	121
GENE_0756	499	327	316	553	312	618	325	644	557	509
GENE_0757	109	27	40	83	59	55	19	54	51	67
GENE_0758	125	76	80	215	92	88	70	125	154	161
GENE_0759	244	196	81	235	143	200	144	221	261	276
GENE_0760	40	25	27	85	22	72	39	75	90	74
GENE_0761	72	37	49	52	42	53	27	53	54	38
GENE_0762	15	11	17	43	19	18	14	21	16	31
GENE_0763	56	35	34	56	30	28	28	41	64	62
GENE_0764	753	367	362	686	469	530	264	570	580	520
GENE_0765	40	16	30	47	20	21	21	35	41	30
GENE_0766	64	34	34	65	31	46	24	50	31	41
GENE_0767	122	63	60	165	62	193	78	168	140	111
GENE_0768	197	137	150	374	151	199	227	141	176	277
GENE_0769	278	90	216	264	225	422	217	534	574	339
GENE_0770	85	63	76	77	64	54	24	93	84	70
GENE_0771	73	38	49	85	27	53	26	53	32	53
GENE_0772	24	7	4	22	21	12	10	24	23	18
GENE_0773	103	36	73	104	113	373	133	241	241	319
GENE_0774	132	87	97	220	125	134	76	132	161	116
GENE_0775	269	143	142	254	127	223	137	217	196	268
GENE_0776	1179	423	712	1250	810	279	129	232	366	305
GENE_0777	145	112	83	187	99	151	72	193	138	113
GENE_0778	546	257	295	493	442	494	233	473	681	440
GENE_0779	69	75	70	124	74	105	72	94	94	72
GENE_0780	155	84	80	172	121	90	108	145	101	131
GENE_0781	90	63	49	130	54	83	38	121	101	64
GENE_0782	47	33	32	79	47	58	24	70	53	61
GENE_0783	118	63	54	93	87	61	60	96	96	143
GENE_0784	39	24	25	21	16	21	6	18	18	17
GENE_0785	45	62	82	140	40	60	57	87	80	59
GENE_0786	42	43	41	56	24	71	22	60	59	64
GENE_0787	174	137	134	301	175	167	108	214	176	225
GENE_0788	215	133	205	322	219	155	110	195	140	220
GENE_0789	134	109	107	144	159	100	75	124	141	79
GENE_0790	84	40	31	76	54	37	28	38	64	41
GENE_0791	619	388	279	742	518	705	378	503	805	506
GENE_0792	169	56	102	155	91	82	71	154	134	114
GENE_0793	147	146	215	257	285	175	97	262	263	192
GENE_0794	181	85	139	286	113	180	108	252	187	214
GENE_0795	54	35	31	112	48	60	31	66	50	41
GENE_0796	459	470	275	593	422	589	246	497	593	487
GENE_0797	524	450	410	602	612	441	337	403	850	738
GENE_0798	22	22	20	30	29	27	16	19	16	28
GENE_0799	36	8	22	30	24	22	9	20	33	27
GENE_0800	256	174	290	348	310	379	170	258	336	298
GENE_0801	130	57	100	174	112	130	60	179	206	117
GENE_0802	191	130	178	252	248	200	96	226	177	281
GENE_0803	84	64	57	89	36	70	61	67	102	99
GENE_0804	495	288	488	886	482	419	268	603	467	458
GENE_0805	241	118	134	320	238	170	122	181	165	154
GENE_0806	34	8	21	32	31	20	18	31	26	26
GENE_0807	49	22	29	29	36	24	17	23	11	36
GENE_0808	789	321	326	624	341	624	279	615	503	472
GENE_0809	26	27	33	45	29	32	27	45	41	33
GENE_0810	48	66	38	80	34	54	39	57	51	52
GENE_0811	243	106	164	373	168	223	130	279	225	170
GENE_0812	109	66	75	136	59	95	49	93	100	78
GENE_0813	48	52	27	69	48	40	29	94	68	44
GENE_0814	636	391	409	749	392	407	321	379	572	450
GENE_0815	101	53	62	88	104	78	23	93	83	97
GENE_0816	35	13	17	31	20	25	13	29	17	14
GENE_0817	410	229	232	390	250	345	163	520	323	218
GENE_0818	485	157	218	504	153	370	134	396	366	288
GENE_0819	30	14	20	44	16	21	11	27	24	38
GENE_0820	979	337	751	860	744	244	254	410	491	388
GENE_0821	206	49	99	219	107	117	102	152	139	90
GENE_0822	353	194	294	428	176	343	244	299	329	489
GENE_0823	184	66	90	129	104	97	61	157	160	131
GENE_0824	47	7	24	44	13	32	18	36	25	35
GENE_0825	298	106	168	331	203	152	162	203	227	252
GENE_0826	82	160	79	220	104	162	87	91	92	94
GENE_0827	25	13	26	26	23	25	7	23	18	13
GENE_0828	107	78	68	137	59	76	49	118	67	78
GENE_0829	139	115	70	149	62	99	50	125	91	111
GENE_0830	187	74	127	222	88	103	60	188	172	109
GENE_0831	508	318	430	896	371	756	213	546	516	397
GENE_0832	585	287	333	816	403	356	243	662	697	555
GENE_0833	84	63	59	158	71	88	44	128	90	66
GENE_0834	177	96	99	234	103	129	61	159	124	143
GENE_0835	25	13	10	27	10	26	12	17	43	14
GENE_0836	55	33	44	66	61	53	39	73	60	38
GENE_0837	37	21	28	54	27	37	19	36	44	22
GENE_0838	128	61	72	142	90	68	42	107	114	70
GENE_0839	38	18	10	25	17	20	15	26	18	28
GENE_0840	167	81	119	242	139	118	74	193	81	102
GENE_0841	100	66	57	116	53	85	54	97	49	79
GENE_0842	35	19	17	33	10	25	25	31	21	30
GENE_0843	742	306	437	557	416	755	245	534	738	447
GENE_0844	574	158	471	905	437	419	221	484	746	519
GENE_0845	124	70	67	108	74	92	52	106	96	76
GENE_0846	27	17	7	39	19	21	11	17	26	15
GENE_0847	32	13	12	23	18	25	9	22	20	29
GENE_0848	58	30	39	78	50	48	45	34	48	42
GENE_0849	24	19	16	31	18	23	12	19	8	22
GENE_0850	14	19	20	54	31	25	27	18	33	51
GENE_0851	389	205	167	467	257	307	206	456	330	190
GENE_0852	19	9	20	23	16	24	13	31	9	27
GENE_0853	600	395	408	816	456	377	255	697	609	533
GENE_0854	242	141	190	376	177	171	116	239	213	252
GENE_0855	285	230	249	336	248	393	127	290	620	262
GENE_0856	37	17	28	43	22	17	28	34	25	31
GENE_0857	127	55	61	67	93	76	38	97	103	95
GENE_0858	164	80	119	124	82	163	65	134	165	101
GENE_0859	140	98	79	130	88	93	60	115	73	65
GENE_0860	105	40	70	111	63	79	45	72	93	83
GENE_0861	157	74	136	167	108	82	47	138	123	90
GENE_0862	365	191	261	634	316	397	241	302	343	179
GENE_0863	572	368	441	693	457	542	368	556	717	520
GENE_0864	188	113	153	316	107	265	131	214	258	119
GENE_0865	85	55	88	128	69	64	33	114	110	157
GENE_0866	142	83	126	168	81	145	55	164	96	93
GENE_0867	92	75	145	210	94	93	55	127	111	174
GENE_0868	34	19	29	51	18	36	22	32	41	38
GENE_0869	773	276	552	772	498	352	235	690	462	727
GENE_0870	65	30	58	55	38	20	42	61	58	26
GENE_0871	261	169	222	422	222	293	165	379	427	218
GENE_0872	60	36	43	65	41	69	41	47	47	34
GENE_0873	21	13	26	20	14	21	12	24	16	17
GENE_0874	30	20	28	28	13	66	63	57	56	86
GENE_0875	354	270	207	349	284	314	160	326	326	374
GENE_0876	713	340	432	890	535	402	272	525	488	383
GENE_0877	125	96	72	114	120	65	46	88	85	67
GENE_0878	113	87	69	102	89	84	73	129	188	211
GENE_0879	106	70	120	126	134	132	58	132	137	117
GENE_0880	70	35	48	75	40	52	23	56	60	44
GENE_0881	336	267	336	336	360	308	204	295	262	354
GENE_0882	326	248	205	455	304	294	156	337	369	192
GENE_0883	132	75	134	136	137	90	65	163	135	110
GENE_0884	49	20	72	80	55	64	35	32	43	47
GENE_0885	64	44	56	86	61	44	29	44	66	38
GENE_0886	53	39	50	52	33	60	33	42	54	44
GENE_0887	241	123	172	230	223	241	162	223	173	202
GENE_0888	537	324	446	525	543	491	270	498	764	438
GENE_0889	484	488	462	630	413	315	355	495	559	577
GENE_0890	147	65	65	144	124	150	99	99	116	92
GENE_0891	78	64	66	148	100	43	70	129	87	60
GENE_0892	79	33	63	95	68	60	46	96	74	113
GENE_0893	519	344	443	916	280	606	268	542	769	487
GENE_0894	55	33	38	84	38	49	30	74	51	51
GENE_0895	168	126	142	299	145	214	108	330	191	173
GENE_0896	34	13	18	39	18	23	27	24	36	23
GENE_0897	70	72	70	131	62	43	57	83	67	89
GENE_0898	24	11	14	23	18	10	15	20	20	22
GENE_0899	54	24	46	67	50	29	44	48	63	44
GENE_0900	179	103	178	309	219	155	110	339	178	285
GENE_0901	83	53	65	98	82	124	49	115	94	90
GENE_0902	215	121	200	230	182	185	145	259	216	193
GENE_0903	139	69	62	160	84	129	74	146	166	202
GENE_0904	108	43	81	148	71	54	32	96	85	64
GENE_0905	93	27	48	92	49	54	31	78	75	34
GENE_0906	292	205	198	413	206	328	207	331	330	299
GENE_0907	45	18	27	41	43	21	20	45	34	17
GENE_0908	91	37	113	82	56	68	42	88	102	55
GENE_0909	142	114	163	406	155	152	118	195	278	153
GENE_0910	18	10	20	29	17	17	11	23	28	18
GENE_0911	141	125	100	140	83	129	57	124	139	139
GENE_0912	63	54	69	109	66	68	41	107	80	76
GENE_0913	1839	617	798	1497	1184	226	179	345	216	231
GENE_0914	204	115	147	225	158	120	112	253	177	193
GENE_0915	347	190	338	493	227	229	181	477	397	268
GENE_0916	90	58	72	162	57	93	38	125	70	84
GENE_0917	103	49	66	91	81	64	62	94	105	76
GENE_0918	683	363	439	638	592	163	130	352	327	257
GENE_0919	30	19	32	46	33	22	14	32	34	27
GENE_0920	120	64	79	114	43	62	41	67	74	103
GENE_0921	861	767	704	1170	791	372	200	515	550	304
GENE_0922	84	93	77	185	137	109	92	101	120	122
GENE_0923	142	93	85	184	94	89	96	125	127	120
GENE_0924	39	42	27	82	62	34	35	52	62	53
GENE_0925	541	351	515	672	350	432	348	425	512	456
GENE_0926	82	42	40	80	58	171	99	151	235	107
GENE_0927	38	28	35	42	35	39	13	39	25	30
GENE_0928	37	29	35	39	31	29	16	42	43	21
GENE_0929	121	62	128	165	116	130	73	149	199	142
GENE_0930	162	85	90	144	85	124	70	128	133	91
GENE_0931	53	30	34	76	38	44	36	55	42	31
GENE_0932	82	63	111	195	84	107	42	139	164	108
GENE_0933	467	308	530	599	473	494	303	482	611	642
GENE_0934	51	22	21	33	41	19	8	29	46	20
GENE_0935	257	103	118	193	180	98	72	133	97	110
GENE_0936	451	329	582	593	642	393	277	631	517	574
GENE_0937	27	17	13	31	22	9	7	29	17	15
GENE_0938	25	22	15	35	21	13	12	38	23	20
GENE_0939	79	44	46	99	33	42	49	58	44	38
GENE_0940	110	49	71	149	112	104	43	91	93	80
GENE_0941	69	39	83	133	114	40	56	87	85	51
GENE_0942	153	97	152	106	126	152	72	150	118	104
GENE_0943	138	107	45	157	120	195	180	311	317	245
GENE_0944	32	21	19	48	21	14	11	20	14	15
GENE_0945	75	89	129	128	105	120	70	159	167	133
GENE_0946	423	247	248	420	382	314	173	380	336	215
GENE_0947	51	27	49	86	50	32	18	62	40	64
GENE_0948	67	35	29	68	64	105	50	66	80	84
GENE_0949	19	14	16	38	21	11	10	12	24	27
GENE_0950	320	239	315	331	323	306	134	357	580	275
GENE_0951	444	395	403	869	450	451	304	628	591	380
GENE_0952	55	33	59	101	70	42	37	57	62	32
GENE_0953	48	16	45	26	39	48	16	19	25	18
GENE_0954	32	14	17	52	35	20	16	31	36	25
GENE_0955	44	32	31	47	31	42	25	48	47	21
GENE_0956	131	94	67	225	144	57	85	124	101	104
GENE_0957	21	16	22	45	15	20	18	46	37	21
GENE_0958	559	404	530	846	467	520	299	372	484	567
GENE_0959	67	31	53	74	44	86	36	37	32	64
GENE_0960	96	55	64	181	63	98	37	121	86	75
GENE_0961	19	13	22	23	18	15	13	20	18	13
GENE_0962	598	293	383	565	373	129	46	129	121	140
GENE_0963	43	25	23	33	16	41	34	50	42	29
GENE_0964	480	258	326	648	360	659	277	537	752	695
GENE_0965	275	145	131	416	108	221	174	255	212	150
GENE_0966	249	192	392	450	283	234	141	404	505	275
GENE_0967	379	227	208	427	185	283	110	388	344	383
GENE_0968	82	95	105	132	105	96	64	137	101	137
GENE_0969	16	16	9	20	15	14	13	21	27	11
GENE_0970	268	124	201	341	169	227	90	239	363	211
GENE_0971	24	13	21	29	19	19	13	17	16	16
GENE_0972	519	320	337	655	456	528	267	491	513	606
GENE_0973	152	119	123	184	68	171	68	116	137	130
GENE_0974	192	129	142	247	168	135	105	237	226	202
GENE_0975	989	540	457	833	612	145	74	186	272	163
GENE_0976	268	253	243	461	339	238	259	381	291	397
GENE_0977	597	294	417	946	383	652	291	533	439	377
GENE_0978	36	35	27	42	20	23	12	52	16	30
GENE_0979	46	31	28	83	36	38	42	69	56	79
GENE_0980	91	67	75	222	67	61	50	71	92	61
GENE_0981	292	144	150	287	115	153	104	204	186	259
GENE_0982	536	307	478	756	613	545	333	914	681	513
GENE_0983	207	86	150	143	127	151	57	96	180	141
GENE_0984	211	157	148	435	170	123	72	294	210	222
GENE_0985	16	6	14	42	14	15	14	13	22	32
GENE_0986	165	106	155	175	106	65	77	70	66	57
GENE_0987	308	210	230	374	172	324	168	305	389	271
GENE_0988	31	24	41	44	15	32	17	32	38	26
GENE_0989	130	78	127	151	117	118	46	164	154	124
GENE_0990	134	90	86	219	128	123	99	153	213	103
GENE_0991	178	106	136	206	111	196	63	167	151	99
GENE_0992	13	4	14	20	16	15	8	30	25	30
GENE_0993	171	130	164	227	183	171	126	216	179	264
GENE_0994	154	107	147	193	135	131	52	95	165	134
GENE_0995	331	211	231	493	246	334	228	374	384	335
GENE_0996	30	19	21	69	31	26	18	33	35	50
GENE_0997	26	24	21	44	22	34	18	22	30	29
GENE_0998	453	365	494	724	500	521	332	839	658	579
GENE_0999	19	29	15	15	25	25	13	13	30	24
GENE_1000	75	48	62	80	53	92	58	111	100	109
